vendor_id,vendor_name,category,contract_value,contract_start,contract_end,sla_breaches_90d,incidents_90d,compliance_flag,uptime_pct,financial_risk_score,risk_probability,risk_tier,vendor_exit_risk
V_1000,Vendor_1,IT Services,1742743,2024-02-18,2024-09-05,0,0,0,99.42,0.47,0.13,Low,0
V_1001,Vendor_2,Security,1312752,2024-10-16,2026-02-21,2,1,0,99.81,0.39,0.77,Low,0
V_1002,Vendor_3,IT Services,2702991,2024-09-01,2025-07-08,3,2,0,97.88,0.1,1.48,Medium,0
V_1003,Vendor_4,Cloud,4205299,2024-07-06,2027-05-23,2,1,1,99.56,0.09,1.07,Medium,0
V_1004,Vendor_5,Finance,4824183,2024-01-25,2026-07-12,4,0,0,96.25,0.09,1.57,Medium,0
V_1005,Vendor_6,Logistics,1787095,2024-03-15,2025-11-03,1,0,0,99.5,0.43,0.37,Low,0
V_1006,Vendor_7,Logistics,3652279,2024-01-24,2026-01-19,1,2,0,98.38,0.79,0.97,Medium,0
V_1007,Vendor_8,Security,2400770,2024-06-23,2027-05-02,1,2,0,97.82,0.47,1.02,Medium,0
V_1008,Vendor_9,Security,3107213,2024-04-13,2026-12-14,1,3,0,98.25,0.26,1.14,Medium,0
V_1009,Vendor_10,Cloud,452690,2025-01-25,2027-07-03,1,0,0,99.68,0.13,0.31,Low,0
V_1010,Vendor_11,Cloud,89353,2024-07-04,2025-09-24,1,0,0,99.26,0.32,0.39,Low,0
V_1011,Vendor_12,Security,319536,2024-12-30,2026-08-04,2,1,0,97.02,0.15,1.16,Medium,0
V_1012,Vendor_13,Cloud,1454104,2025-09-17,2026-09-18,0,0,0,98.97,0.07,0.16,Low,0
V_1013,Vendor_14,Cloud,4721399,2024-04-19,2026-04-19,1,0,0,100.0,0.06,0.26,Low,0
V_1014,Vendor_15,Finance,3191259,2024-10-23,2025-05-27,1,0,0,100.0,0.27,0.28,Low,0
V_1015,Vendor_16,IT Services,718234,2024-05-04,2025-12-24,2,0,0,100.0,0.27,0.53,Low,0
V_1016,Vendor_17,Security,4724351,2024-09-02,2027-08-13,2,1,0,97.57,0.54,1.12,Medium,0
V_1017,Vendor_18,Logistics,3488618,2025-06-07,2026-09-06,2,0,0,97.39,0.35,0.93,Medium,0
V_1018,Vendor_19,Logistics,4892611,2025-07-12,2026-09-17,2,0,0,100.0,0.26,0.53,Low,0
V_1019,Vendor_20,Finance,1155534,2025-08-17,2027-06-17,4,0,1,99.46,0.26,1.41,Medium,0
V_1020,Vendor_21,Cloud,2749015,2024-08-25,2026-03-27,0,1,0,100.0,0.62,0.26,Low,0
V_1021,Vendor_22,Finance,4529125,2025-03-11,2027-03-30,0,0,1,97.66,0.28,0.68,Low,0
V_1022,Vendor_23,IT Services,1021525,2025-02-03,2025-09-17,1,0,1,100.0,0.24,0.57,Low,0
V_1023,Vendor_24,SaaS,3463821,2023-11-20,2024-09-21,2,0,0,100.0,0.29,0.53,Low,0
V_1024,Vendor_25,Logistics,2214367,2024-11-10,2025-08-02,0,0,0,100.0,0.12,0.01,Low,0
V_1025,Vendor_26,IT Services,1157677,2025-01-27,2025-08-17,0,2,0,99.0,0.29,0.58,Low,0
V_1026,Vendor_27,SaaS,4863296,2025-08-12,2027-05-28,3,3,0,100.0,0.24,1.37,Medium,0
V_1027,Vendor_28,Security,3026242,2023-12-27,2024-07-28,1,1,0,98.96,0.05,0.61,Low,0
V_1028,Vendor_29,Cloud,3256420,2023-12-20,2026-04-23,0,3,0,98.72,0.11,0.8,Medium,0
V_1029,Vendor_30,Cloud,725510,2024-08-12,2025-11-13,1,3,1,99.49,0.13,1.24,Medium,0
V_1030,Vendor_31,Logistics,3822811,2025-12-25,2028-11-29,0,2,1,100.0,0.32,0.73,Low,0
V_1031,Vendor_32,Finance,2186233,2024-12-22,2027-08-23,1,0,1,99.12,0.15,0.7,Low,0
V_1032,Vendor_33,Cloud,444540,2025-09-09,2028-05-19,1,2,1,98.97,0.17,1.12,Medium,0
V_1033,Vendor_34,Security,2303694,2025-01-23,2025-07-22,1,1,0,98.93,0.69,0.68,Low,0
V_1034,Vendor_35,Security,3388442,2023-12-17,2025-01-28,1,0,0,99.9,0.24,0.29,Low,0
V_1035,Vendor_36,Logistics,3345887,2024-10-05,2025-04-14,1,1,0,99.69,0.17,0.51,Low,0
V_1036,Vendor_37,IT Services,547562,2024-09-04,2025-07-25,1,1,0,97.69,0.73,0.87,Medium,0
V_1037,Vendor_38,Finance,3612737,2025-05-13,2028-04-03,0,1,0,98.08,0.56,0.54,Low,0
V_1038,Vendor_39,Cloud,50404,2023-10-19,2025-09-15,4,2,0,99.16,0.23,1.55,Medium,0
V_1039,Vendor_40,Cloud,4945207,2023-11-11,2024-06-11,1,1,0,100.0,0.19,0.47,Low,0
V_1040,Vendor_41,Security,3011293,2024-06-20,2025-03-01,0,0,0,99.25,0.66,0.18,Low,0
V_1041,Vendor_42,SaaS,2623619,2025-05-15,2026-04-25,2,1,0,100.0,0.42,0.74,Low,0
V_1042,Vendor_43,Logistics,711614,2023-12-20,2026-04-10,0,0,0,100.0,0.1,0.01,Low,0
V_1043,Vendor_44,Logistics,2000367,2025-11-19,2028-02-10,1,0,0,99.08,0.14,0.4,Low,0
V_1044,Vendor_45,SaaS,4094588,2025-11-07,2028-07-07,2,2,0,98.57,0.29,1.14,Medium,0
V_1045,Vendor_46,Finance,4633897,2025-12-22,2026-09-05,2,0,0,99.04,0.43,0.69,Low,0
V_1046,Vendor_47,Cloud,4676038,2024-09-21,2025-04-16,0,0,0,97.57,0.18,0.38,Low,0
V_1047,Vendor_48,IT Services,517010,2025-05-31,2026-03-15,2,1,0,96.72,0.21,1.21,Medium,0
V_1048,Vendor_49,Finance,1364532,2025-01-07,2026-04-20,0,0,0,99.89,0.45,0.06,Low,0
V_1049,Vendor_50,Cloud,718406,2025-05-21,2027-05-13,2,2,1,97.91,0.18,1.53,Medium,0
V_1050,Vendor_51,Logistics,3021820,2025-03-25,2027-06-27,0,0,0,100.0,0.06,0.01,Low,0
V_1051,Vendor_52,Finance,1100493,2025-09-02,2027-07-24,2,0,0,100.0,0.12,0.51,Low,0
V_1052,Vendor_53,Finance,4852116,2025-03-07,2026-04-26,3,1,0,100.0,0.28,0.98,Medium,0
V_1053,Vendor_54,Security,572244,2023-09-21,2025-04-01,2,2,0,99.38,0.22,1.02,Medium,0
V_1054,Vendor_55,SaaS,2558749,2023-10-21,2025-12-24,1,1,0,96.63,0.12,0.97,Medium,0
V_1055,Vendor_56,Finance,3852010,2024-11-25,2025-10-27,0,0,0,100.0,0.24,0.02,Low,0
V_1056,Vendor_57,IT Services,2350119,2024-02-23,2024-09-04,1,0,0,98.23,0.27,0.54,Low,0
V_1057,Vendor_58,Logistics,2742755,2026-01-08,2027-03-17,2,2,0,100.0,0.16,0.92,Medium,0
V_1058,Vendor_59,SaaS,550315,2023-11-12,2025-05-22,0,0,0,99.89,0.26,0.04,Low,0
V_1059,Vendor_60,Cloud,544592,2023-10-11,2025-10-26,1,1,0,99.71,0.35,0.53,Low,0
V_1060,Vendor_61,SaaS,1631530,2024-11-27,2026-05-07,1,1,0,98.63,0.14,0.67,Low,0
V_1061,Vendor_62,Security,1345302,2023-09-23,2024-06-12,2,1,0,100.0,0.28,0.73,Low,0
V_1062,Vendor_63,Finance,314223,2024-03-20,2025-06-27,2,1,0,100.0,0.39,0.74,Low,0
V_1063,Vendor_64,Security,3498678,2024-04-16,2026-12-21,2,4,0,98.97,0.2,1.47,Medium,0
V_1064,Vendor_65,Cloud,4722750,2025-06-04,2027-07-02,5,3,0,98.09,0.18,2.15,High,1
V_1065,Vendor_66,Logistics,4389235,2025-04-09,2027-09-05,3,1,0,99.7,0.13,1.01,Medium,0
V_1066,Vendor_67,Security,3316402,2024-09-06,2026-07-23,1,3,0,100.0,0.35,0.89,Medium,0
V_1067,Vendor_68,SaaS,830316,2025-10-02,2027-11-30,1,1,0,98.72,0.55,0.7,Low,0
V_1068,Vendor_69,Security,766756,2025-12-23,2028-09-22,1,0,0,100.0,0.14,0.26,Low,0
V_1069,Vendor_70,SaaS,1199947,2023-10-20,2025-04-14,0,0,0,98.26,0.4,0.3,Low,0
V_1070,Vendor_71,Finance,758662,2024-05-06,2026-08-27,2,0,0,98.14,0.49,0.83,Medium,0
V_1071,Vendor_72,Security,2771864,2024-02-06,2025-05-26,3,0,1,100.0,0.27,1.08,Medium,0
V_1072,Vendor_73,Logistics,666036,2025-12-06,2028-08-28,0,2,0,99.57,0.24,0.49,Low,0
V_1073,Vendor_74,Cloud,4431137,2025-10-22,2027-01-12,0,2,0,100.0,0.37,0.44,Low,0
V_1074,Vendor_75,Cloud,2489855,2023-10-02,2025-08-09,3,1,0,97.09,0.37,1.42,Medium,0
V_1075,Vendor_76,SaaS,726022,2025-01-20,2025-08-26,1,1,0,98.92,0.23,0.63,Low,0
V_1076,Vendor_77,SaaS,509297,2024-12-01,2026-02-04,5,1,0,100.0,0.36,1.49,Medium,0
V_1077,Vendor_78,Security,2179885,2024-03-01,2024-08-30,1,2,0,100.0,0.31,0.68,Low,0
V_1078,Vendor_79,Security,2900171,2024-02-09,2026-10-22,4,1,1,100.0,0.58,1.56,Medium,0
V_1079,Vendor_80,Cloud,1076553,2025-05-05,2028-04-06,1,4,0,98.2,0.29,1.35,Medium,0
V_1080,Vendor_81,Finance,4959384,2024-06-18,2027-06-12,2,0,0,98.9,0.33,0.7,Low,0
V_1081,Vendor_82,Finance,1775690,2025-07-27,2027-09-16,2,2,1,100.0,0.4,1.24,Medium,0
V_1082,Vendor_83,Logistics,2416610,2025-02-17,2026-01-30,1,0,0,99.48,0.12,0.34,Low,0
V_1083,Vendor_84,Logistics,520452,2024-03-20,2026-03-20,0,2,0,98.86,0.58,0.63,Low,0
V_1084,Vendor_85,SaaS,4013735,2025-01-19,2027-05-23,0,0,0,100.0,0.19,0.02,Low,0
V_1085,Vendor_86,IT Services,1706671,2024-09-22,2025-11-17,1,2,0,97.94,0.64,1.02,Medium,0
V_1086,Vendor_87,Security,2795226,2025-12-17,2028-03-21,2,0,0,100.0,0.25,0.52,Low,0
V_1087,Vendor_88,Logistics,335555,2023-11-11,2024-09-15,1,0,1,100.0,0.3,0.58,Low,0
V_1088,Vendor_89,Logistics,3390216,2024-10-23,2026-05-12,1,2,1,99.75,0.67,1.05,Medium,0
V_1089,Vendor_90,Security,2492266,2024-03-04,2026-03-15,2,0,1,99.23,0.4,0.96,Medium,0
V_1090,Vendor_91,Cloud,129083,2023-09-20,2026-03-27,1,0,0,100.0,0.03,0.25,Low,0
V_1091,Vendor_92,Finance,2828655,2026-01-08,2027-05-03,5,0,0,98.42,0.3,1.52,Medium,0
V_1092,Vendor_93,SaaS,1293131,2023-09-07,2024-03-06,2,1,0,100.0,0.31,0.73,Low,0
V_1093,Vendor_94,Logistics,1493717,2026-01-10,2028-08-20,2,4,0,99.2,0.2,1.44,Medium,0
V_1094,Vendor_95,Logistics,4396664,2024-02-19,2027-01-07,2,1,0,98.47,0.04,0.93,Medium,0
V_1095,Vendor_96,IT Services,2953633,2024-01-27,2026-05-17,1,1,0,100.0,0.35,0.48,Low,0
V_1096,Vendor_97,Cloud,4710061,2024-01-25,2024-12-28,2,2,0,100.0,0.2,0.92,Medium,0
V_1097,Vendor_98,IT Services,3110006,2023-12-26,2025-06-28,1,1,1,96.68,0.46,1.29,Medium,0
V_1098,Vendor_99,SaaS,3021981,2026-01-17,2027-07-25,1,1,0,100.0,0.5,0.5,Low,0
V_1099,Vendor_100,IT Services,1428369,2025-08-09,2026-09-21,0,1,0,97.93,0.21,0.53,Low,0
V_1100,Vendor_101,SaaS,4627033,2023-09-28,2026-08-04,0,1,1,97.89,0.2,0.84,Medium,0
V_1101,Vendor_102,Cloud,1855808,2024-04-27,2026-05-02,2,1,1,100.0,0.25,1.02,Medium,0
V_1102,Vendor_103,Logistics,4461589,2024-09-21,2027-04-15,0,0,0,97.68,0.7,0.42,Low,0
V_1103,Vendor_104,IT Services,4323445,2023-09-20,2024-08-15,0,0,0,99.76,0.49,0.08,Low,0
V_1104,Vendor_105,Security,1728687,2025-01-26,2026-12-23,2,1,0,100.0,0.22,0.72,Low,0
V_1105,Vendor_106,IT Services,3194480,2026-01-18,2026-12-10,4,0,0,99.42,0.43,1.13,Medium,0
V_1106,Vendor_107,Security,2669980,2025-08-13,2027-06-12,0,3,1,98.45,0.57,1.19,Medium,0
V_1107,Vendor_108,Security,1626590,2025-11-15,2026-07-28,2,1,0,97.65,0.22,1.07,Medium,0
V_1108,Vendor_109,Finance,1552025,2023-12-04,2024-06-03,5,0,0,98.78,0.03,1.44,Medium,0
V_1109,Vendor_110,Logistics,2860860,2025-12-29,2027-08-07,2,2,0,99.49,0.09,0.99,Medium,0
V_1110,Vendor_111,Security,798013,2024-07-29,2026-11-24,2,2,0,98.8,0.23,1.1,Medium,0
V_1111,Vendor_112,Cloud,3941113,2024-10-31,2026-02-20,2,1,0,97.0,0.15,1.16,Medium,0
V_1112,Vendor_113,SaaS,4110119,2025-01-06,2027-03-29,3,1,1,100.0,0.21,1.27,Medium,0
V_1113,Vendor_114,Cloud,2393394,2025-10-03,2026-11-12,2,0,0,100.0,0.5,0.55,Low,0
V_1114,Vendor_115,Cloud,2941005,2023-12-11,2025-04-23,0,1,0,100.0,0.37,0.24,Low,0
V_1115,Vendor_116,Finance,3308084,2025-01-31,2027-06-05,0,0,0,100.0,0.19,0.02,Low,0
V_1116,Vendor_117,Security,4127716,2023-12-05,2025-01-17,2,1,0,96.75,0.06,1.19,Medium,0
V_1117,Vendor_118,Security,885036,2025-04-07,2026-08-02,0,1,0,97.9,0.51,0.57,Low,0
V_1118,Vendor_119,Security,3709731,2025-05-16,2026-11-10,1,0,0,96.89,0.3,0.75,Low,0
V_1119,Vendor_120,IT Services,2665804,2024-04-05,2026-12-14,1,0,0,99.13,0.51,0.43,Low,0
V_1120,Vendor_121,Finance,4859109,2025-08-29,2027-02-01,1,1,0,95.77,0.37,1.12,Medium,0
V_1121,Vendor_122,Logistics,4207263,2026-01-12,2027-12-18,0,1,0,99.04,0.28,0.37,Low,0
V_1122,Vendor_123,IT Services,3924910,2023-11-29,2026-09-06,2,1,0,99.3,0.19,0.82,Medium,0
V_1123,Vendor_124,IT Services,3062539,2026-01-07,2028-09-12,0,3,1,96.52,0.62,1.48,Medium,0
V_1124,Vendor_125,Finance,3166810,2024-02-29,2025-05-06,1,1,0,99.42,0.12,0.55,Low,0
V_1125,Vendor_126,Cloud,1669715,2024-05-14,2026-05-15,2,1,0,96.95,0.15,1.17,Medium,0
V_1126,Vendor_127,Finance,4051412,2024-08-27,2025-08-24,1,0,0,98.53,0.16,0.49,Low,0
V_1127,Vendor_128,Security,1420073,2025-05-22,2027-03-25,4,1,1,98.96,0.09,1.67,High,1
V_1128,Vendor_129,Cloud,3486252,2024-11-09,2026-07-03,2,0,0,97.71,0.27,0.87,Medium,0
V_1129,Vendor_130,Security,3973227,2024-02-04,2026-08-30,4,1,0,100.0,0.26,1.23,Medium,0
V_1130,Vendor_131,Logistics,1723879,2026-01-02,2028-04-05,1,4,0,98.32,0.74,1.38,Medium,0
V_1131,Vendor_132,SaaS,2568638,2025-01-16,2026-02-19,2,2,0,98.68,0.18,1.12,Medium,0
V_1132,Vendor_133,IT Services,2950737,2025-01-10,2027-08-28,4,0,1,98.92,0.3,1.49,Medium,0
V_1133,Vendor_134,Cloud,1569603,2024-12-01,2027-05-24,2,2,1,99.45,0.05,1.29,Medium,0
V_1134,Vendor_135,Logistics,501157,2024-03-28,2025-05-16,1,1,0,100.0,0.11,0.46,Low,0
V_1135,Vendor_136,Security,2214412,2025-01-31,2027-06-25,1,0,0,100.0,0.28,0.28,Low,0
V_1136,Vendor_137,IT Services,2590034,2024-10-27,2027-10-11,0,1,0,97.19,0.47,0.67,Low,0
V_1137,Vendor_138,Cloud,1166271,2026-01-06,2027-08-01,1,1,0,96.83,0.09,0.93,Medium,0
V_1138,Vendor_139,IT Services,2671038,2025-01-03,2025-11-10,3,1,0,98.44,0.04,1.19,Medium,0
V_1139,Vendor_140,IT Services,1527852,2024-08-11,2026-07-06,0,1,0,100.0,0.33,0.23,Low,0
V_1140,Vendor_141,Finance,2464802,2024-12-09,2027-04-01,2,2,0,98.17,0.35,1.21,Medium,0
V_1141,Vendor_142,Logistics,2565419,2023-12-18,2025-04-13,4,1,0,98.44,0.59,1.49,Medium,0
V_1142,Vendor_143,SaaS,3512092,2024-05-10,2026-07-23,3,1,1,99.52,0.3,1.35,Medium,0
V_1143,Vendor_144,Security,2399316,2025-01-28,2027-02-28,1,3,0,98.3,0.22,1.13,Medium,0
V_1144,Vendor_145,IT Services,4074733,2025-02-11,2026-03-17,1,2,0,100.0,0.15,0.66,Low,0
V_1145,Vendor_146,Logistics,708003,2023-09-22,2024-11-24,1,0,0,98.77,0.34,0.47,Low,0
V_1146,Vendor_147,Security,3591483,2025-08-30,2027-01-04,2,1,0,99.21,0.32,0.85,Medium,0
V_1147,Vendor_148,Cloud,3727361,2024-04-30,2026-10-04,1,2,0,100.0,0.48,0.7,Low,0
V_1148,Vendor_149,SaaS,1487188,2024-08-23,2025-03-12,3,1,0,100.0,0.34,0.98,Medium,0
V_1149,Vendor_150,IT Services,3881661,2025-06-19,2027-10-01,0,3,0,97.8,0.41,0.97,Medium,0
V_1150,Vendor_151,Finance,3653110,2024-11-09,2027-07-07,4,1,0,100.0,0.35,1.23,Medium,0
V_1151,Vendor_152,SaaS,1498763,2024-10-08,2026-07-03,2,1,1,98.71,0.25,1.22,Medium,0
V_1152,Vendor_153,IT Services,329215,2024-05-10,2026-07-11,2,2,1,99.4,0.37,1.33,Medium,0
V_1153,Vendor_154,Logistics,582726,2024-04-19,2026-12-19,1,0,1,99.64,0.31,0.64,Low,0
V_1154,Vendor_155,Cloud,3074243,2024-09-20,2026-05-26,0,4,0,99.2,0.33,0.95,Medium,0
V_1155,Vendor_156,Cloud,895474,2024-02-27,2026-02-21,1,2,0,98.55,0.16,0.88,Medium,0
V_1156,Vendor_157,IT Services,4402892,2025-04-22,2025-12-23,1,1,0,98.66,0.22,0.67,Low,0
V_1157,Vendor_158,Cloud,493316,2025-03-23,2027-07-04,1,1,1,97.18,0.36,1.21,Medium,0
V_1158,Vendor_159,SaaS,2612605,2024-07-18,2025-06-04,2,1,0,98.67,0.28,0.93,Medium,0
V_1159,Vendor_160,Cloud,1890083,2025-07-30,2026-12-18,2,1,0,98.61,0.23,0.93,Medium,0
V_1160,Vendor_161,Cloud,2993295,2024-03-17,2025-09-23,2,0,0,98.02,0.32,0.83,Medium,0
V_1161,Vendor_162,Security,1173389,2024-11-13,2027-03-12,1,2,0,100.0,0.43,0.69,Low,0
V_1162,Vendor_163,Cloud,1054001,2024-01-22,2025-11-11,2,0,0,99.77,0.28,0.56,Low,0
V_1163,Vendor_164,IT Services,4060162,2025-09-09,2028-06-07,1,1,0,97.33,0.23,0.87,Medium,0
V_1164,Vendor_165,Finance,2711637,2025-06-19,2027-10-11,0,0,0,98.71,0.48,0.24,Low,0
V_1165,Vendor_166,Finance,919807,2024-01-01,2026-10-28,0,1,0,95.11,0.29,0.96,Medium,0
V_1166,Vendor_167,Finance,1392057,2025-01-21,2027-10-19,2,1,0,100.0,0.31,0.73,Low,0
V_1167,Vendor_168,IT Services,3764379,2024-06-14,2026-03-11,1,1,0,98.02,0.33,0.78,Low,0
V_1168,Vendor_169,SaaS,4458285,2024-03-17,2026-06-13,1,1,1,96.49,0.07,1.28,Medium,0
V_1169,Vendor_170,Logistics,4500252,2025-04-28,2028-04-21,5,1,0,97.4,0.08,1.85,High,1
V_1170,Vendor_171,SaaS,258944,2025-09-14,2026-10-21,2,1,0,99.12,0.27,0.86,Medium,0
V_1171,Vendor_172,Logistics,653291,2025-07-31,2028-05-22,1,1,0,99.7,0.28,0.52,Low,0
V_1172,Vendor_173,IT Services,3665652,2026-01-12,2027-01-22,0,2,0,100.0,0.12,0.41,Low,0
V_1173,Vendor_174,Finance,3815056,2025-12-19,2027-07-09,0,1,1,99.17,0.11,0.64,Low,0
V_1174,Vendor_175,Logistics,426794,2025-05-30,2027-06-11,0,1,0,98.86,0.2,0.39,Low,0
V_1175,Vendor_176,Security,900350,2024-04-21,2026-03-01,0,3,0,99.55,0.24,0.69,Low,0
V_1176,Vendor_177,SaaS,176060,2024-07-05,2027-02-01,0,0,0,99.09,0.47,0.18,Low,0
V_1177,Vendor_178,SaaS,2698202,2024-11-10,2026-09-29,4,0,0,99.36,0.31,1.13,Medium,0
V_1178,Vendor_179,Logistics,838140,2024-07-09,2025-05-24,0,2,0,98.21,0.26,0.69,Low,0
V_1179,Vendor_180,IT Services,1193647,2024-06-16,2026-11-07,1,0,0,99.98,0.63,0.32,Low,0
V_1180,Vendor_181,Logistics,1212189,2024-01-19,2024-10-06,2,3,0,96.92,0.55,1.62,High,1
V_1181,Vendor_182,Finance,231948,2025-04-07,2027-09-23,2,2,0,97.73,0.13,1.25,Medium,0
V_1182,Vendor_183,Finance,4563070,2025-08-09,2026-02-23,0,1,0,98.81,0.2,0.4,Low,0
V_1183,Vendor_184,Cloud,2168433,2024-12-31,2026-03-15,1,0,0,99.22,0.04,0.37,Low,0
V_1184,Vendor_185,SaaS,237771,2024-04-03,2025-09-22,0,0,0,97.5,0.11,0.39,Low,0
V_1185,Vendor_186,Security,1913462,2025-03-04,2028-02-29,3,1,1,98.71,0.27,1.47,Medium,0
V_1186,Vendor_187,IT Services,1245885,2025-11-27,2027-07-07,1,0,1,98.26,0.09,0.82,Medium,0
V_1187,Vendor_188,SaaS,4424142,2025-11-05,2028-09-22,2,1,0,98.51,0.38,0.96,Medium,0
V_1188,Vendor_189,Cloud,4446650,2024-03-31,2025-02-10,2,2,0,100.0,0.13,0.91,Medium,0
V_1189,Vendor_190,SaaS,1956862,2025-12-27,2028-06-18,6,0,0,98.34,0.28,1.78,High,1
V_1190,Vendor_191,SaaS,2938939,2024-10-21,2025-05-01,3,1,1,99.9,0.5,1.31,Medium,0
V_1191,Vendor_192,IT Services,1408097,2026-01-16,2026-08-11,1,1,0,100.0,0.45,0.5,Low,0
V_1192,Vendor_193,Security,856564,2025-10-09,2028-06-06,3,1,1,99.15,0.52,1.43,Medium,0
V_1193,Vendor_194,SaaS,2585232,2023-09-20,2024-07-14,4,0,0,98.64,0.28,1.23,Medium,0
V_1194,Vendor_195,Finance,1497947,2024-08-09,2027-01-25,1,2,1,100.0,0.3,0.98,Medium,0
V_1195,Vendor_196,IT Services,4421047,2025-07-08,2027-05-07,3,3,0,100.0,0.55,1.4,Medium,0
V_1196,Vendor_197,SaaS,358617,2024-08-30,2025-12-23,2,1,0,99.94,0.56,0.77,Low,0
V_1197,Vendor_198,Finance,2813545,2023-12-28,2026-11-23,0,1,0,99.06,0.19,0.36,Low,0
V_1198,Vendor_199,Finance,4026765,2024-05-31,2026-02-15,2,0,0,99.01,0.09,0.66,Low,0
V_1199,Vendor_200,Logistics,797852,2025-11-30,2027-11-02,2,1,0,99.05,0.28,0.87,Medium,0
V_1200,Vendor_201,Finance,3095529,2024-12-25,2026-03-09,2,1,1,98.88,0.22,1.19,Medium,0
V_1201,Vendor_202,IT Services,2561910,2024-06-05,2025-06-06,6,2,1,99.09,0.13,2.35,High,1
V_1202,Vendor_203,IT Services,1444316,2025-07-30,2026-02-04,1,3,0,97.77,0.15,1.2,Medium,0
V_1203,Vendor_204,Logistics,725673,2024-02-01,2024-08-15,1,1,0,97.93,0.18,0.78,Low,0
V_1204,Vendor_205,Cloud,817876,2025-07-10,2027-02-10,0,1,0,97.57,0.2,0.58,Low,0
V_1205,Vendor_206,Logistics,1834006,2025-03-22,2026-08-10,3,2,0,100.0,0.13,1.16,Medium,0
V_1206,Vendor_207,Logistics,4607220,2024-02-12,2025-08-11,3,2,1,100.0,0.05,1.45,Medium,0
V_1207,Vendor_208,Finance,3364344,2023-10-17,2025-09-04,1,0,1,97.9,0.1,0.87,Medium,0
V_1208,Vendor_209,Security,3289254,2023-10-16,2025-02-12,2,0,0,97.28,0.11,0.92,Medium,0
V_1209,Vendor_210,Cloud,1470858,2023-11-12,2024-11-27,0,0,0,100.0,0.07,0.01,Low,0
V_1210,Vendor_211,Logistics,4145077,2023-12-28,2026-10-05,1,2,0,98.78,0.14,0.85,Medium,0
V_1211,Vendor_212,Cloud,2209173,2025-05-02,2026-10-03,6,1,0,97.93,0.67,2.08,High,1
V_1212,Vendor_213,Logistics,4839125,2025-08-04,2027-01-04,1,1,1,98.46,0.36,1.02,Medium,0
V_1213,Vendor_214,IT Services,4272102,2024-08-23,2026-03-01,2,0,1,96.98,0.52,1.3,Medium,0
V_1214,Vendor_215,Finance,331696,2024-08-20,2026-09-07,2,0,0,98.35,0.6,0.81,Medium,0
V_1215,Vendor_216,IT Services,4814812,2025-10-27,2028-03-18,1,3,0,98.96,0.21,1.03,Medium,0
V_1216,Vendor_217,Cloud,1605537,2024-10-02,2026-07-11,1,1,0,97.59,0.06,0.82,Medium,0
V_1217,Vendor_218,Finance,572154,2024-11-06,2026-02-23,0,1,0,98.4,0.34,0.47,Low,0
V_1218,Vendor_219,Finance,3885598,2025-04-11,2027-11-24,2,1,0,100.0,0.69,0.77,Low,0
V_1219,Vendor_220,Security,3557447,2023-11-21,2026-10-03,2,0,0,98.51,0.47,0.77,Low,0
V_1220,Vendor_221,Finance,1469920,2023-09-30,2025-04-01,2,0,1,99.39,0.28,0.92,Medium,0
V_1221,Vendor_222,SaaS,3914044,2024-03-10,2024-10-14,0,2,0,96.71,0.23,0.92,Medium,0
V_1222,Vendor_223,Security,4101889,2023-10-12,2025-02-16,2,0,1,98.8,0.02,0.98,Medium,0
V_1223,Vendor_224,Logistics,2112087,2024-02-28,2026-01-01,2,1,0,100.0,0.25,0.72,Low,0
V_1224,Vendor_225,Security,2953609,2025-01-21,2025-11-19,2,2,1,98.28,0.05,1.46,Medium,0
V_1225,Vendor_226,Finance,4205479,2023-10-06,2024-10-26,1,0,0,96.12,0.48,0.88,Medium,0
V_1226,Vendor_227,Logistics,1408126,2024-06-02,2026-07-16,0,0,0,99.15,0.12,0.14,Low,0
V_1227,Vendor_228,Cloud,3188102,2023-09-08,2025-03-29,1,3,0,97.02,0.12,1.31,Medium,0
V_1228,Vendor_229,SaaS,126240,2025-11-04,2027-08-16,1,0,0,95.52,0.13,0.94,Medium,0
V_1229,Vendor_230,Security,2794804,2024-04-13,2026-06-21,1,0,0,95.39,0.27,0.97,Medium,0
V_1230,Vendor_231,Cloud,4159545,2024-07-28,2025-02-03,1,1,0,99.17,0.53,0.63,Low,0
V_1231,Vendor_232,SaaS,4234238,2024-10-27,2026-04-13,3,0,0,96.18,0.29,1.35,Medium,0
V_1232,Vendor_233,Security,4899433,2025-03-20,2026-12-10,0,1,0,100.0,0.18,0.22,Low,0
V_1233,Vendor_234,IT Services,92056,2024-04-27,2027-01-25,4,1,0,100.0,0.16,1.22,Medium,0
V_1234,Vendor_235,Logistics,1543551,2025-07-09,2028-01-10,0,1,0,99.23,0.36,0.35,Low,0
V_1235,Vendor_236,IT Services,4725519,2025-06-12,2027-09-04,0,1,0,94.63,0.41,1.05,Medium,0
V_1236,Vendor_237,Logistics,2109385,2024-09-27,2026-12-04,4,1,0,99.16,0.12,1.34,Medium,0
V_1237,Vendor_238,SaaS,3010883,2024-01-29,2025-07-16,3,0,1,100.0,0.3,1.08,Medium,0
V_1238,Vendor_239,SaaS,2008691,2024-09-16,2026-07-12,2,1,0,97.12,0.24,1.16,Medium,0
V_1239,Vendor_240,SaaS,3673425,2025-07-25,2027-02-20,1,2,0,100.0,0.38,0.69,Low,0
V_1240,Vendor_241,IT Services,1012452,2025-01-06,2027-03-18,0,1,0,99.83,0.47,0.27,Low,0
V_1241,Vendor_242,Cloud,4772340,2024-06-23,2026-06-06,0,1,0,100.0,0.3,0.23,Low,0
V_1242,Vendor_243,Logistics,2322759,2024-01-06,2026-08-09,4,1,0,100.0,0.37,1.24,Medium,0
V_1243,Vendor_244,IT Services,4713754,2024-02-20,2025-12-29,1,0,0,98.24,0.26,0.54,Low,0
V_1244,Vendor_245,Logistics,3895474,2024-08-22,2025-09-13,1,1,0,100.0,0.29,0.48,Low,0
V_1245,Vendor_246,Logistics,1734449,2024-02-24,2026-02-12,1,4,0,100.0,0.32,1.08,Medium,0
V_1246,Vendor_247,SaaS,3006151,2024-10-05,2025-06-16,0,1,0,97.03,0.28,0.67,Low,0
V_1247,Vendor_248,IT Services,453157,2023-12-27,2026-06-14,1,0,0,100.0,0.4,0.29,Low,0
V_1248,Vendor_249,Finance,293877,2024-04-16,2025-03-17,1,0,0,99.58,0.44,0.36,Low,0
V_1249,Vendor_250,Security,1449769,2024-01-29,2026-04-27,1,2,1,100.0,0.07,0.96,Medium,0
V_1250,Vendor_251,Cloud,4964082,2025-07-24,2026-08-19,0,2,1,98.33,0.58,1.01,Medium,0
V_1251,Vendor_252,SaaS,2048173,2024-09-12,2026-08-15,2,1,1,97.12,0.32,1.46,Medium,0
V_1252,Vendor_253,Cloud,4192887,2024-06-14,2025-10-02,0,0,0,97.11,0.4,0.47,Low,0
V_1253,Vendor_254,Security,328495,2025-12-14,2026-09-20,0,2,1,100.0,0.21,0.72,Low,0
V_1254,Vendor_255,Finance,4647855,2025-07-13,2027-04-06,2,0,0,99.17,0.25,0.65,Low,0
V_1255,Vendor_256,Security,2792455,2025-06-07,2028-01-19,0,0,0,99.28,0.41,0.15,Low,0
V_1256,Vendor_257,SaaS,4822945,2023-09-27,2026-03-14,3,0,0,99.56,0.12,0.83,Medium,0
V_1257,Vendor_258,Cloud,1693909,2024-06-09,2025-06-11,2,1,0,99.05,0.42,0.88,Medium,0
V_1258,Vendor_259,IT Services,2329042,2025-05-27,2027-12-20,2,2,0,98.2,0.33,1.2,Medium,0
V_1259,Vendor_260,Finance,1082499,2025-02-08,2025-12-11,0,0,1,99.29,0.21,0.43,Low,0
V_1260,Vendor_261,SaaS,3400448,2025-04-18,2027-02-26,1,1,0,100.0,0.36,0.49,Low,0
V_1261,Vendor_262,Logistics,497244,2025-06-04,2027-04-11,4,2,0,98.0,0.59,1.76,High,1
V_1262,Vendor_263,Cloud,3550967,2024-10-09,2026-12-25,3,1,1,99.97,0.43,1.3,Medium,0
V_1263,Vendor_264,Cloud,3905288,2025-11-08,2028-03-03,0,1,0,95.93,0.16,0.83,Medium,0
V_1264,Vendor_265,Security,4450852,2023-09-19,2025-05-14,2,0,1,100.0,0.3,0.83,Medium,0
V_1265,Vendor_266,Logistics,1664694,2024-03-22,2025-06-17,1,0,0,98.9,0.13,0.43,Low,0
V_1266,Vendor_267,IT Services,2067337,2025-04-25,2026-08-25,2,1,0,98.36,0.13,0.96,Medium,0
V_1267,Vendor_268,SaaS,3899091,2024-09-14,2025-07-27,1,0,0,99.04,0.4,0.43,Low,0
V_1268,Vendor_269,Finance,2066328,2025-04-12,2026-10-03,4,0,0,97.58,0.55,1.42,Medium,0
V_1269,Vendor_270,Cloud,2648133,2024-05-28,2026-06-24,0,0,0,99.89,0.17,0.03,Low,0
V_1270,Vendor_271,SaaS,1642173,2025-03-23,2025-10-13,0,0,0,98.58,0.32,0.25,Low,0
V_1271,Vendor_272,Finance,3402214,2025-07-11,2027-07-12,1,0,1,99.3,0.24,0.68,Low,0
V_1272,Vendor_273,Logistics,477244,2023-09-02,2026-07-08,1,2,1,99.65,0.19,1.02,Medium,0
V_1273,Vendor_274,IT Services,4969161,2024-05-23,2026-02-18,0,1,0,100.0,0.25,0.22,Low,0
V_1274,Vendor_275,Cloud,1200997,2024-03-12,2026-05-11,1,1,0,97.8,0.34,0.81,Medium,0
V_1275,Vendor_276,Finance,4481373,2025-05-25,2026-01-31,3,0,1,99.5,0.84,1.21,Medium,0
V_1276,Vendor_277,SaaS,1973217,2024-12-27,2027-08-18,2,0,0,98.01,0.29,0.83,Medium,0
V_1277,Vendor_278,SaaS,985783,2025-03-08,2026-09-19,1,0,0,100.0,0.15,0.26,Low,0
V_1278,Vendor_279,Logistics,4904491,2025-07-13,2027-01-31,1,2,0,97.98,0.34,0.99,Medium,0
V_1279,Vendor_280,SaaS,825292,2025-03-12,2027-11-14,3,2,1,100.0,0.22,1.47,Medium,0
V_1280,Vendor_281,SaaS,2611913,2024-05-21,2026-02-16,1,0,0,98.68,0.57,0.5,Low,0
V_1281,Vendor_282,Finance,4862066,2024-08-03,2025-08-10,2,1,0,100.0,0.59,0.76,Low,0
V_1282,Vendor_283,Finance,3914856,2025-05-27,2026-07-28,3,1,0,99.86,0.27,1.0,Medium,0
V_1283,Vendor_284,Logistics,362916,2024-12-10,2026-01-07,1,0,1,98.79,0.37,0.77,Low,0
V_1284,Vendor_285,Security,3007498,2023-09-14,2025-12-27,0,1,0,98.22,0.39,0.51,Low,0
V_1285,Vendor_286,Finance,4724110,2026-01-07,2026-11-23,2,0,1,97.47,0.14,1.19,Medium,0
V_1286,Vendor_287,IT Services,3059828,2023-11-14,2024-11-22,2,0,0,97.84,0.37,0.86,Medium,0
V_1287,Vendor_288,IT Services,1134309,2025-06-09,2028-01-28,0,2,1,97.06,0.07,1.15,Medium,0
V_1288,Vendor_289,IT Services,2885743,2024-12-27,2025-08-13,1,1,0,99.51,0.22,0.55,Low,0
V_1289,Vendor_290,IT Services,3131362,2024-09-16,2026-07-05,2,3,0,100.0,0.45,1.14,Medium,0
V_1290,Vendor_291,Cloud,1201882,2025-02-12,2025-08-14,2,1,0,99.06,0.37,0.88,Medium,0
V_1291,Vendor_292,IT Services,2026850,2024-12-05,2026-03-25,0,1,0,100.0,0.17,0.22,Low,0
V_1292,Vendor_293,Finance,541215,2025-05-27,2027-05-10,0,1,1,100.0,0.47,0.55,Low,0
V_1293,Vendor_294,SaaS,95256,2024-08-15,2027-06-24,4,1,0,98.37,0.6,1.5,Medium,0
V_1294,Vendor_295,Security,4494041,2024-05-07,2027-02-26,1,2,1,99.48,0.05,1.03,Medium,0
V_1295,Vendor_296,Finance,3925010,2024-03-27,2026-01-15,1,1,0,98.15,0.26,0.75,Low,0
V_1296,Vendor_297,Logistics,1646246,2024-05-13,2026-12-16,1,0,0,94.22,0.13,1.13,Medium,0
V_1297,Vendor_298,Security,2628682,2024-01-26,2025-05-10,3,2,0,97.3,0.34,1.59,Medium,0
V_1298,Vendor_299,IT Services,2984317,2025-07-10,2028-06-18,1,1,0,98.72,0.18,0.66,Low,0
V_1299,Vendor_300,Logistics,1859771,2025-06-29,2026-07-25,4,1,0,98.31,0.07,1.46,Medium,0
V_1300,Vendor_301,SaaS,591529,2023-12-29,2026-03-14,2,0,0,99.62,0.39,0.6,Low,0
V_1301,Vendor_302,SaaS,3241849,2024-12-04,2026-11-06,0,1,0,100.0,0.06,0.21,Low,0
V_1302,Vendor_303,Logistics,2076819,2024-03-24,2027-02-06,1,1,0,100.0,0.08,0.46,Low,0
V_1303,Vendor_304,Cloud,1440598,2025-01-18,2027-04-11,2,0,0,98.87,0.31,0.7,Low,0
V_1304,Vendor_305,Finance,3780370,2024-01-30,2026-08-16,1,0,1,95.81,0.1,1.19,Medium,0
V_1305,Vendor_306,IT Services,2041161,2024-11-23,2026-04-06,4,1,0,96.48,0.2,1.75,High,1
V_1306,Vendor_307,Logistics,4056389,2024-01-20,2025-04-03,3,0,1,98.46,0.14,1.3,Medium,0
V_1307,Vendor_308,SaaS,956395,2024-08-29,2026-04-13,0,0,0,97.87,0.25,0.34,Low,0
V_1308,Vendor_309,Finance,2443365,2025-06-30,2026-03-02,3,1,1,100.0,0.35,1.28,Medium,0
V_1309,Vendor_310,Finance,3245741,2025-08-17,2027-04-11,1,1,0,100.0,0.65,0.52,Low,0
V_1310,Vendor_311,Logistics,305658,2024-01-28,2026-08-12,3,1,0,97.85,0.27,1.3,Medium,0
V_1311,Vendor_312,Security,387462,2023-12-18,2024-11-05,1,1,0,100.0,0.29,0.48,Low,0
V_1312,Vendor_313,Logistics,2224758,2023-11-28,2024-09-25,0,0,0,98.19,0.66,0.34,Low,0
V_1313,Vendor_314,SaaS,3466403,2025-07-28,2028-07-11,0,0,0,100.0,0.29,0.03,Low,0
V_1314,Vendor_315,Security,1559390,2023-10-03,2025-12-04,3,0,0,95.9,0.28,1.39,Medium,0
V_1315,Vendor_316,Finance,3144510,2024-11-18,2025-06-10,0,1,0,97.33,0.57,0.66,Low,0
V_1316,Vendor_317,Finance,1161288,2025-03-02,2028-02-18,2,1,0,98.9,0.08,0.87,Medium,0
V_1317,Vendor_318,IT Services,2065726,2025-09-27,2026-07-14,3,2,0,99.48,0.31,1.26,Medium,0
V_1318,Vendor_319,IT Services,4745995,2024-02-20,2025-06-02,3,1,0,100.0,0.02,0.95,Medium,0
V_1319,Vendor_320,IT Services,897405,2023-10-02,2024-11-20,2,0,0,96.96,0.1,0.97,Medium,0
V_1320,Vendor_321,SaaS,4502664,2024-05-14,2027-03-18,1,1,0,100.0,0.2,0.47,Low,0
V_1321,Vendor_322,Security,1311368,2023-11-12,2025-10-24,2,0,0,100.0,0.19,0.52,Low,0
V_1322,Vendor_323,Security,1468314,2024-04-05,2027-01-13,1,1,0,98.95,0.02,0.61,Low,0
V_1323,Vendor_324,IT Services,676840,2024-11-16,2026-10-04,0,1,0,99.66,0.55,0.31,Low,0
V_1324,Vendor_325,IT Services,3328262,2024-12-13,2026-12-08,2,0,1,97.24,0.44,1.26,Medium,0
V_1325,Vendor_326,SaaS,399115,2024-05-29,2026-12-20,1,1,0,97.46,0.07,0.84,Medium,0
V_1326,Vendor_327,SaaS,4982206,2023-12-11,2026-02-02,3,1,0,99.74,0.19,1.01,Medium,0
V_1327,Vendor_328,Security,2074611,2025-01-08,2027-04-20,1,2,0,99.84,0.23,0.7,Low,0
V_1328,Vendor_329,SaaS,1910371,2024-01-02,2024-12-29,0,2,0,100.0,0.04,0.4,Low,0
V_1329,Vendor_330,Security,4467338,2024-10-09,2027-09-17,0,2,0,96.74,0.17,0.91,Medium,0
V_1330,Vendor_331,IT Services,1589663,2024-09-06,2026-10-20,3,1,0,98.95,0.25,1.13,Medium,0
V_1331,Vendor_332,Logistics,3506537,2025-01-01,2025-10-22,1,0,0,97.75,0.28,0.62,Low,0
V_1332,Vendor_333,Cloud,1059260,2024-03-21,2025-03-26,0,2,0,100.0,0.26,0.43,Low,0
V_1333,Vendor_334,SaaS,400068,2024-02-29,2026-03-24,2,2,0,100.0,0.39,0.94,Medium,0
V_1334,Vendor_335,SaaS,1431710,2025-11-01,2027-12-02,2,3,1,99.91,0.24,1.44,Medium,0
V_1335,Vendor_336,Finance,1517256,2025-02-04,2025-11-08,0,1,0,97.99,0.6,0.56,Low,0
V_1336,Vendor_337,Finance,4702124,2025-02-13,2027-03-31,4,0,0,96.9,0.36,1.5,Medium,0
V_1337,Vendor_338,Security,3355107,2024-10-28,2026-10-05,1,2,0,96.28,0.21,1.23,Medium,0
V_1338,Vendor_339,Cloud,3693488,2024-08-24,2025-09-23,1,0,0,100.0,0.1,0.26,Low,0
V_1339,Vendor_340,Finance,1366303,2023-11-09,2025-12-26,1,1,0,100.0,0.4,0.49,Low,0
V_1340,Vendor_341,Finance,3067465,2023-09-06,2026-06-07,0,1,0,99.65,0.49,0.3,Low,0
V_1341,Vendor_342,SaaS,4872778,2024-11-14,2027-09-03,1,0,1,96.99,0.39,1.04,Medium,0
V_1342,Vendor_343,Finance,3354860,2024-09-07,2026-05-04,2,2,0,96.0,0.09,1.51,Medium,0
V_1343,Vendor_344,SaaS,2951884,2023-10-22,2026-08-19,1,1,1,99.39,0.13,0.85,Medium,0
V_1344,Vendor_345,Logistics,3096672,2024-02-20,2026-02-03,5,1,0,99.1,0.38,1.62,High,1
V_1345,Vendor_346,Cloud,4358307,2025-09-12,2027-05-22,0,1,0,97.98,0.11,0.51,Low,0
V_1346,Vendor_347,Logistics,2257928,2025-11-11,2028-08-15,2,1,0,100.0,0.24,0.72,Low,0
V_1347,Vendor_348,Cloud,3272018,2025-03-11,2025-10-08,4,3,0,98.35,0.22,1.87,High,1
V_1348,Vendor_349,Finance,4184608,2023-10-10,2025-08-13,1,1,0,98.43,0.06,0.69,Low,0
V_1349,Vendor_350,Logistics,4919236,2025-08-06,2026-03-14,0,0,0,99.36,0.28,0.12,Low,0
V_1350,Vendor_351,Cloud,735328,2025-09-24,2028-06-17,1,2,0,96.91,0.31,1.14,Medium,0
V_1351,Vendor_352,Cloud,4056622,2025-09-09,2027-02-08,2,0,0,99.89,0.08,0.52,Low,0
V_1352,Vendor_353,SaaS,92137,2025-08-18,2027-12-31,2,0,1,100.0,0.42,0.84,Medium,0
V_1353,Vendor_354,Logistics,4200579,2023-09-04,2026-08-03,1,1,0,96.14,0.21,1.05,Medium,0
V_1354,Vendor_355,Security,323541,2025-08-24,2027-01-21,1,0,0,98.3,0.25,0.53,Low,0
V_1355,Vendor_356,SaaS,3978683,2025-04-08,2027-04-18,3,1,0,97.55,0.36,1.35,Medium,0
V_1356,Vendor_357,Logistics,2807506,2025-07-20,2026-10-10,3,2,0,96.65,0.24,1.68,High,1
V_1357,Vendor_358,Security,1097146,2025-01-27,2027-10-19,2,3,0,100.0,0.52,1.15,Medium,0
V_1358,Vendor_359,Finance,2253463,2024-05-11,2026-02-21,2,1,0,100.0,0.23,0.72,Low,0
V_1359,Vendor_360,IT Services,3321593,2024-12-18,2027-10-29,3,3,0,99.82,0.31,1.41,Medium,0
V_1360,Vendor_361,Logistics,1296729,2024-10-07,2025-11-02,1,1,1,100.0,0.55,0.8,Medium,0
V_1361,Vendor_362,Finance,735611,2025-10-25,2027-10-30,1,0,0,97.8,0.28,0.61,Low,0
V_1362,Vendor_363,Finance,3936932,2025-11-23,2027-06-07,1,2,1,98.52,0.18,1.19,Medium,0
V_1363,Vendor_364,SaaS,91139,2025-06-01,2028-05-09,2,1,0,98.94,0.68,0.93,Medium,0
V_1364,Vendor_365,SaaS,1748413,2023-12-15,2024-09-07,2,2,0,96.26,0.24,1.48,Medium,0
V_1365,Vendor_366,SaaS,2920581,2024-01-30,2026-11-07,0,1,0,100.0,0.09,0.21,Low,0
V_1366,Vendor_367,Logistics,2137001,2024-05-13,2027-04-18,0,3,1,100.0,0.26,0.93,Medium,0
V_1367,Vendor_368,Logistics,3535001,2023-10-22,2026-08-11,1,2,0,99.62,0.59,0.77,Low,0
V_1368,Vendor_369,IT Services,2122171,2025-12-24,2027-08-16,2,2,1,99.6,0.69,1.33,Medium,0
V_1369,Vendor_370,IT Services,3843092,2024-09-24,2027-08-17,0,1,1,99.21,0.33,0.65,Low,0
V_1370,Vendor_371,Cloud,4873416,2024-04-04,2026-08-09,1,0,0,98.8,0.17,0.45,Low,0
V_1371,Vendor_372,Security,4216289,2024-08-27,2025-04-26,1,1,0,97.02,0.23,0.92,Medium,0
V_1372,Vendor_373,SaaS,966992,2025-08-05,2028-06-13,1,0,0,100.0,0.51,0.3,Low,0
V_1373,Vendor_374,SaaS,1700224,2024-10-04,2027-04-15,1,1,0,100.0,0.4,0.49,Low,0
V_1374,Vendor_375,Security,4710110,2024-07-29,2026-04-21,2,4,0,98.53,0.43,1.56,Medium,0
V_1375,Vendor_376,Security,1922204,2024-12-12,2026-07-28,1,1,1,96.54,0.3,1.3,Medium,0
V_1376,Vendor_377,SaaS,4798584,2025-06-02,2027-02-24,1,0,0,97.4,0.18,0.66,Low,0
V_1377,Vendor_378,Cloud,4551572,2025-11-22,2028-04-16,0,2,0,99.98,0.12,0.41,Low,0
V_1378,Vendor_379,Logistics,1708800,2023-11-07,2025-05-17,1,2,1,99.1,0.19,1.1,Medium,0
V_1379,Vendor_380,Cloud,2934991,2023-09-07,2024-09-13,2,1,0,96.44,0.56,1.29,Medium,0
V_1380,Vendor_381,Cloud,1443488,2024-08-28,2026-01-11,3,2,0,100.0,0.34,1.18,Medium,0
V_1381,Vendor_382,IT Services,3889973,2024-02-10,2026-06-08,2,2,1,98.54,0.04,1.42,Medium,0
V_1382,Vendor_383,Cloud,765003,2025-04-29,2026-07-23,0,0,0,98.1,0.37,0.32,Low,0
V_1383,Vendor_384,Logistics,1864630,2023-09-18,2024-08-08,1,3,0,97.9,0.25,1.19,Medium,0
V_1384,Vendor_385,Logistics,4934872,2024-02-06,2025-12-10,0,1,0,100.0,0.4,0.24,Low,0
V_1385,Vendor_386,Security,3812853,2025-03-14,2025-11-16,1,1,1,97.86,0.16,1.09,Medium,0
V_1386,Vendor_387,IT Services,3996617,2026-01-02,2027-01-12,1,1,0,98.99,0.29,0.63,Low,0
V_1387,Vendor_388,Finance,320001,2025-01-27,2026-09-14,0,0,1,96.71,0.64,0.86,Medium,0
V_1388,Vendor_389,Cloud,2851285,2024-01-27,2025-06-14,1,1,1,98.66,0.31,0.98,Medium,0
V_1389,Vendor_390,IT Services,2585896,2025-03-29,2026-12-29,3,0,0,97.52,0.09,1.13,Medium,0
V_1390,Vendor_391,Logistics,4689158,2023-10-07,2024-11-16,4,0,0,95.4,0.35,1.72,High,1
V_1391,Vendor_392,Security,3063337,2024-08-14,2027-07-23,3,0,0,96.3,0.04,1.31,Medium,0
V_1392,Vendor_393,Cloud,1317633,2024-10-12,2026-05-10,0,3,0,99.89,0.27,0.64,Low,0
V_1393,Vendor_394,IT Services,620993,2025-05-25,2026-04-02,0,1,0,99.67,0.56,0.31,Low,0
V_1394,Vendor_395,SaaS,3475077,2025-01-26,2026-01-03,2,0,1,97.43,0.39,1.22,Medium,0
V_1395,Vendor_396,SaaS,3897593,2024-07-09,2026-07-23,0,1,1,100.0,0.36,0.54,Low,0
V_1396,Vendor_397,Finance,194375,2025-11-16,2026-06-12,1,5,1,99.36,0.33,1.68,High,1
V_1397,Vendor_398,Cloud,2090403,2024-02-16,2024-10-03,0,0,0,99.4,0.38,0.13,Low,0
V_1398,Vendor_399,Finance,2991616,2024-12-28,2026-07-19,2,1,0,96.71,0.41,1.23,Medium,0
V_1399,Vendor_400,IT Services,3881854,2023-09-09,2025-08-13,1,0,0,98.17,0.34,0.56,Low,0
V_1400,Vendor_401,Security,1565719,2025-01-13,2027-11-11,1,2,0,96.63,0.33,1.19,Medium,0
V_1401,Vendor_402,IT Services,2862789,2024-07-19,2025-12-22,2,1,0,98.91,0.29,0.89,Medium,0
V_1402,Vendor_403,SaaS,3502550,2025-12-08,2028-04-11,1,0,0,100.0,0.15,0.26,Low,0
V_1403,Vendor_404,Security,1557394,2026-01-13,2028-04-08,2,2,0,98.85,0.35,1.11,Medium,0
V_1404,Vendor_405,Cloud,2145598,2023-12-10,2024-07-22,1,1,0,98.9,0.46,0.66,Low,0
V_1405,Vendor_406,Cloud,2895376,2023-09-25,2026-03-22,1,2,0,100.0,0.05,0.66,Low,0
V_1406,Vendor_407,Security,197631,2024-06-07,2024-12-05,1,3,0,99.57,0.26,0.94,Medium,0
V_1407,Vendor_408,Cloud,4827551,2023-10-16,2025-11-28,1,0,0,98.27,0.25,0.53,Low,0
V_1408,Vendor_409,Security,1435049,2024-06-01,2027-01-21,4,4,0,99.62,0.22,1.88,High,1
V_1409,Vendor_410,IT Services,4162924,2024-12-24,2026-03-18,1,3,1,97.67,0.35,1.53,Medium,0
V_1410,Vendor_411,Finance,2790855,2024-03-08,2025-02-07,1,1,1,98.65,0.22,0.97,Medium,0
V_1411,Vendor_412,SaaS,474190,2024-08-05,2026-08-24,0,1,0,97.33,0.32,0.63,Low,0
V_1412,Vendor_413,Security,2605517,2024-06-19,2026-06-10,0,1,0,100.0,0.31,0.23,Low,0
V_1413,Vendor_414,Logistics,2295772,2024-01-07,2025-04-30,0,0,0,99.61,0.18,0.08,Low,0
V_1414,Vendor_415,Security,2515849,2025-10-05,2028-06-22,2,2,0,100.0,0.37,0.94,Medium,0
V_1415,Vendor_416,Cloud,4812315,2024-09-22,2026-06-13,2,1,0,98.42,0.05,0.94,Medium,0
V_1416,Vendor_417,Cloud,4087746,2025-04-18,2027-02-14,3,0,0,97.32,0.05,1.16,Medium,0
V_1417,Vendor_418,IT Services,4285040,2025-06-04,2027-08-01,1,1,0,100.0,0.27,0.48,Low,0
V_1418,Vendor_419,Cloud,4909633,2025-09-24,2028-05-28,3,0,0,98.41,0.25,1.01,Medium,0
V_1419,Vendor_420,SaaS,3398549,2025-08-22,2026-10-21,3,0,0,99.37,0.2,0.86,Medium,0
V_1420,Vendor_421,SaaS,3503708,2025-06-07,2026-01-23,1,1,1,100.0,0.65,0.82,Medium,0
V_1421,Vendor_422,Cloud,4159683,2024-10-16,2025-08-24,2,1,0,99.03,0.24,0.87,Medium,0
V_1422,Vendor_423,Logistics,4909382,2023-10-16,2024-10-03,2,0,1,98.31,0.17,1.07,Medium,0
V_1423,Vendor_424,SaaS,2468853,2024-07-25,2027-06-22,3,0,0,100.0,0.31,0.78,Low,0
V_1424,Vendor_425,IT Services,2591083,2024-11-16,2025-05-31,1,3,1,99.11,0.15,1.3,Medium,0
V_1425,Vendor_426,Cloud,284433,2024-01-22,2026-05-23,1,2,0,99.18,0.13,0.79,Low,0
V_1426,Vendor_427,Cloud,3982613,2024-03-09,2025-07-24,1,2,1,99.86,0.15,0.99,Medium,0
V_1427,Vendor_428,Finance,1904260,2024-10-08,2026-05-25,0,2,0,98.12,0.37,0.72,Low,0
V_1428,Vendor_429,IT Services,1464119,2024-09-08,2026-06-20,0,1,0,99.27,0.52,0.36,Low,0
V_1429,Vendor_430,SaaS,1512417,2023-12-06,2025-10-31,1,1,0,98.39,0.25,0.72,Low,0
V_1430,Vendor_431,IT Services,1817581,2023-11-24,2026-04-14,2,2,0,99.03,0.67,1.11,Medium,0
V_1431,Vendor_432,Security,1846641,2024-06-02,2026-11-06,2,1,0,100.0,0.15,0.72,Low,0
V_1432,Vendor_433,Security,2945537,2025-06-05,2028-01-25,0,1,0,98.65,0.36,0.44,Low,0
V_1433,Vendor_434,Cloud,532870,2023-12-12,2024-09-17,0,1,1,99.46,0.32,0.61,Low,0
V_1434,Vendor_435,SaaS,3423328,2025-06-01,2027-01-21,0,0,1,100.0,0.23,0.32,Low,0
V_1435,Vendor_436,SaaS,2764660,2023-11-17,2024-09-28,2,1,0,99.88,0.45,0.76,Low,0
V_1436,Vendor_437,Security,1985822,2024-07-27,2026-10-10,0,0,0,98.3,0.37,0.29,Low,0
V_1437,Vendor_438,Logistics,2707179,2024-09-02,2027-02-04,0,2,0,100.0,0.15,0.42,Low,0
V_1438,Vendor_439,Finance,1270682,2025-03-30,2027-11-27,2,1,0,100.0,0.29,0.73,Low,0
V_1439,Vendor_440,Cloud,1086658,2024-11-26,2025-09-02,1,1,0,96.23,0.44,1.06,Medium,0
V_1440,Vendor_441,Finance,2186491,2025-08-14,2027-04-01,2,0,0,100.0,0.38,0.54,Low,0
V_1441,Vendor_442,Finance,2707303,2025-03-04,2026-05-31,1,0,0,100.0,0.32,0.28,Low,0
V_1442,Vendor_443,SaaS,396229,2025-05-27,2026-09-27,1,2,0,97.17,0.14,1.09,Medium,0
V_1443,Vendor_444,IT Services,3382006,2025-07-13,2028-05-28,0,1,1,98.22,0.45,0.81,Medium,0
V_1444,Vendor_445,SaaS,4155810,2025-05-24,2026-12-04,4,2,0,100.0,0.39,1.44,Medium,0
V_1445,Vendor_446,Logistics,691142,2025-02-18,2026-07-18,1,1,1,98.89,0.44,0.96,Medium,0
V_1446,Vendor_447,IT Services,4141701,2023-12-07,2026-02-12,3,1,1,96.95,0.32,1.74,High,1
V_1447,Vendor_448,Security,717538,2024-09-26,2025-08-26,0,1,0,99.13,0.09,0.34,Low,0
V_1448,Vendor_449,Security,1931397,2024-06-02,2026-12-22,2,1,0,97.72,0.52,1.09,Medium,0
V_1449,Vendor_450,Finance,79092,2025-06-14,2026-11-23,1,1,0,97.2,0.38,0.91,Medium,0
V_1450,Vendor_451,Security,1710100,2023-12-03,2026-07-13,2,0,0,99.42,0.4,0.63,Low,0
V_1451,Vendor_452,Logistics,4281797,2025-08-08,2027-08-08,1,0,0,99.52,0.27,0.35,Low,0
V_1452,Vendor_453,IT Services,4473475,2025-10-31,2028-02-04,2,1,0,97.94,0.33,1.04,Medium,0
V_1453,Vendor_454,Cloud,2832540,2024-11-06,2026-05-14,0,1,0,100.0,0.1,0.21,Low,0
V_1454,Vendor_455,IT Services,982196,2024-02-06,2024-08-26,2,0,0,97.11,0.22,0.96,Medium,0
V_1455,Vendor_456,Logistics,2757430,2023-10-03,2025-05-26,2,1,0,100.0,0.29,0.73,Low,0
V_1456,Vendor_457,IT Services,4006092,2024-06-22,2026-09-14,4,0,0,96.27,0.53,1.61,High,1
V_1457,Vendor_458,Cloud,2694046,2024-06-13,2026-10-28,3,2,0,97.23,0.3,1.6,Medium,0
V_1458,Vendor_459,Finance,1711342,2024-12-21,2027-05-15,1,2,1,100.0,0.26,0.98,Medium,0
V_1459,Vendor_460,IT Services,4090013,2025-12-11,2027-03-28,3,3,0,96.91,0.67,1.88,High,1
V_1460,Vendor_461,Cloud,4056714,2024-12-21,2027-11-02,1,1,1,97.75,0.26,1.11,Medium,0
V_1461,Vendor_462,Logistics,857400,2024-02-17,2026-07-02,2,1,0,100.0,0.22,0.72,Low,0
V_1462,Vendor_463,Logistics,2386038,2024-08-25,2027-01-10,1,1,0,96.89,0.43,0.96,Medium,0
V_1463,Vendor_464,SaaS,339372,2025-10-17,2027-03-07,0,1,0,99.88,0.32,0.25,Low,0
V_1464,Vendor_465,Cloud,1141014,2023-09-29,2026-01-26,3,2,0,100.0,0.26,1.18,Medium,0
V_1465,Vendor_466,IT Services,618933,2025-11-03,2026-12-16,3,0,0,100.0,0.46,0.8,Low,0
V_1466,Vendor_467,Security,2009484,2024-05-25,2027-01-27,1,1,0,99.63,0.06,0.51,Low,0
V_1467,Vendor_468,IT Services,3883538,2024-10-10,2027-03-26,1,0,0,99.35,0.26,0.37,Low,0
V_1468,Vendor_469,Finance,1457576,2024-03-24,2026-07-30,0,0,1,97.63,0.34,0.69,Low,0
V_1469,Vendor_470,IT Services,2463911,2024-12-28,2026-10-11,4,0,0,97.52,0.12,1.38,Medium,0
V_1470,Vendor_471,Cloud,4139437,2024-07-08,2026-12-07,0,0,1,97.64,0.21,0.68,Low,0
V_1471,Vendor_472,Logistics,2642440,2024-04-26,2026-10-30,0,0,0,98.74,0.41,0.23,Low,0
V_1472,Vendor_473,Finance,4891905,2025-12-28,2028-11-14,0,1,0,100.0,0.32,0.23,Low,0
V_1473,Vendor_474,IT Services,189565,2024-07-20,2027-01-01,0,0,0,100.0,0.23,0.02,Low,0
V_1474,Vendor_475,Security,3600985,2024-02-19,2025-09-06,4,2,0,97.87,0.15,1.73,High,1
V_1475,Vendor_476,SaaS,1145589,2024-05-23,2027-02-06,2,1,0,98.31,0.15,0.97,Medium,0
V_1476,Vendor_477,Finance,1183859,2024-10-23,2027-04-05,0,0,1,98.3,0.07,0.56,Low,0
V_1477,Vendor_478,Finance,3325072,2024-09-09,2026-10-15,2,0,0,99.91,0.05,0.52,Low,0
V_1478,Vendor_479,Finance,2949359,2023-11-11,2025-07-08,2,1,0,99.99,0.1,0.71,Low,0
V_1479,Vendor_480,Cloud,1056152,2025-02-13,2027-02-27,1,0,0,96.83,0.32,0.76,Low,0
V_1480,Vendor_481,Cloud,574658,2024-07-19,2026-05-16,2,0,0,100.0,0.15,0.52,Low,0
V_1481,Vendor_482,IT Services,1717108,2024-04-15,2026-05-23,1,0,1,100.0,0.5,0.6,Low,0
V_1482,Vendor_483,Cloud,2283414,2024-06-30,2025-08-19,2,1,0,97.95,0.24,1.03,Medium,0
V_1483,Vendor_484,Security,2102109,2025-08-08,2027-03-30,1,0,0,100.0,0.45,0.3,Low,0
V_1484,Vendor_485,Security,4234251,2025-03-08,2026-01-19,4,0,0,99.39,0.39,1.13,Medium,0
V_1485,Vendor_486,Security,1717690,2024-04-02,2025-10-02,0,1,0,100.0,0.44,0.24,Low,0
V_1486,Vendor_487,Cloud,2241306,2025-12-30,2028-01-08,1,0,1,99.39,0.26,0.67,Low,0
V_1487,Vendor_488,Logistics,3045785,2023-09-10,2024-12-10,0,1,0,97.64,0.51,0.6,Low,0
V_1488,Vendor_489,Finance,227476,2025-09-27,2026-08-19,2,2,0,97.67,0.34,1.28,Medium,0
V_1489,Vendor_490,Finance,892329,2024-05-06,2027-03-31,2,0,0,96.87,0.45,1.01,Medium,0
V_1490,Vendor_491,IT Services,2755430,2025-12-03,2027-11-07,1,0,0,99.36,0.56,0.4,Low,0
V_1491,Vendor_492,Logistics,4707448,2025-09-29,2026-11-12,0,1,0,98.05,0.15,0.51,Low,0
V_1492,Vendor_493,SaaS,3990008,2025-04-09,2026-07-06,3,0,1,97.23,0.02,1.47,Medium,0
V_1493,Vendor_494,Logistics,3449618,2025-05-28,2028-03-26,1,2,1,98.1,0.2,1.26,Medium,0
V_1494,Vendor_495,Finance,3559163,2024-07-08,2027-01-25,0,3,0,97.31,0.53,1.06,Medium,0
V_1495,Vendor_496,IT Services,3149449,2025-04-19,2026-01-11,2,2,1,99.58,0.25,1.29,Medium,0
V_1496,Vendor_497,Security,3100798,2024-05-05,2026-08-18,2,0,1,99.57,0.65,0.93,Medium,0
V_1497,Vendor_498,Logistics,4900224,2025-03-18,2026-05-17,3,0,1,100.0,0.09,1.06,Medium,0
V_1498,Vendor_499,Cloud,2197914,2025-08-15,2028-02-15,1,0,0,97.09,0.52,0.74,Low,0
V_1499,Vendor_500,Cloud,2085030,2025-09-08,2026-04-30,0,1,1,98.16,0.57,0.83,Medium,0
